baseline,mean_utility,success_rate,invalid_rate,mean_action_x
explicit_mse_regression,-1.5074750689270968,0.0,1.0,0.040659105186728994
nearest_neighbor_demo_action,1.55780052180664,1.0,0.0,0.046717981458449576
explicit_mse_regression,-1.5438239437147534,0.0,1.0,0.0046713476368970275
nearest_neighbor_demo_action,1.5657143004483158,1.0,0.0,0.002716863230579767
explicit_mse_regression,-1.5443002027042672,0.0,1.0,-0.002688686271855353
nearest_neighbor_demo_action,1.5625678308629147,1.0,0.0,0.03709011981991081
