seed,baseline,mean_utility,success_rate,invalid_rate,mean_action_x
0,explicit_mse_regression,-1.5384415670110203,0.0,1.0,0.014942297007308961
1,explicit_mse_regression,-1.506686854237273,0.0,1.0,0.041128204827860636
2,explicit_mse_regression,-1.4889430502105754,0.0,1.0,-0.05062794076670784
3,explicit_mse_regression,-1.5398484671203116,0.0,1.0,0.012872152742136692
4,explicit_mse_regression,-1.490076008155372,0.0,1.0,0.05006936879120783
